doi,citations
10.276783,66
10.2642757,1
10.142424,9999
